student_id,attendance,grades,assignments,participation,success
1,85,87,84,66,1
2,51,71,50,33,0
3,50,61,61,70,0
4,83,76,78,67,1
5,86,68,56,55,1
6,100,78,97,69,1
7,89,64,75,72,1
8,51,84,68,65,1
9,99,70,81,84,1
10,52,68,77,59,1
11,80,66,87,76,1
12,57,58,63,57,0
13,59,71,30,81,0
14,69,49,63,85,1
15,68,74,77,52,1
16,88,56,58,50,1
17,55,56,62,50,0
18,85,74,66,56,1
19,65,79,45,64,1
20,65,70,61,66,1
21,81,78,60,57,1
22,86,62,59,69,1
23,60,66,47,62,0
24,82,58,61,72,1
25,53,59,63,68,0
26,85,73,81,85,1
27,83,82,74,84,1
28,80,70,70,64,1
29,91,92,90,67,1
30,66,47,77,73,1
31,74,88,68,57,1
32,93,42,84,97,1
33,100,59,53,58,1
34,68,68,68,45,1
35,94,97,56,53,1
36,52,56,89,48,1
37,98,78,62,69,1
38,50,80,77,70,1
39,49,78,60,76,1
40,80,83,77,81,1
41,83,64,73,42,1
42,57,61,61,47,0
43,87,65,58,59,1
44,59,65,67,63,1
45,80,72,78,84,1
46,59,73,68,64,1
47,66,76,70,58,1
48,53,57,59,31,0
49,81,50,73,69,1
50,51,57,56,49,0
51,71,50,71,44,1
52,51,35,84,70,0
53,96,80,63,74,1
54,72,81,73,79,1
55,100,87,65,80,1
56,48,52,53,45,0
57,45,90,56,65,1
58,76,64,40,68,1
59,48,64,63,34,0
60,95,91,57,72,1
61,91,88,70,65,1
62,63,60,66,68,1
63,92,54,64,86,1
64,77,76,83,56,1
65,48,68,61,68,0
66,88,87,79,55,1
67,81,71,87,54,1
68,82,63,58,60,1
69,61,72,86,63,1
70,87,84,60,53,1
71,93,75,70,53,1
72,51,54,72,66,0
73,61,74,75,73,1
74,63,71,80,86,1
75,90,62,100,73,1
76,87,58,74,55,1
77,87,92,87,63,1
78,92,98,60,63,1
79,83,74,81,54,1
80,77,48,38,67,0
81,99,91,78,70,1
82,66,64,69,42,1
83,61,73,78,57,1
84,52,50,89,75,1
85,54,43,56,54,0
86,53,61,76,65,1
87,95,77,70,53,1
88,87,86,89,82,1
89,100,61,83,88,1
90,100,98,85,91,1
91,56,67,62,61,1
92,71,58,76,36,1
93,96,74,80,63,1
94,47,52,69,52,0
95,97,84,65,81,1
96,59,44,74,64,0
97,66,67,71,65,1
98,77,59,36,90,1
99,79,69,71,73,1
100,82,65,79,63,1
101,51,55,56,65,0
102,77,57,90,86,1
103,57,65,86,96,1
104,79,71,55,32,1
105,92,68,59,87,1
106,66,75,51,48,1
107,52,63,52,55,0
108,70,80,61,46,1
109,57,41,80,48,0
110,84,48,56,59,1
111,98,84,72,50,1
112,86,79,63,81,1
113,88,75,85,88,1
114,55,53,58,51,0
115,87,65,60,77,1
116,88,54,60,92,1
117,54,74,65,33,1
118,49,67,35,69,0
119,81,77,89,54,1
120,86,72,58,37,1
121,100,76,65,60,1
122,89,76,66,66,1
123,60,72,61,73,1
124,78,80,87,63,1
125,93,86,59,64,1
126,98,61,84,59,1
127,55,65,48,61,0
128,85,81,65,92,1
129,76,63,60,76,1
130,62,71,50,90,1
131,50,70,71,53,1
132,49,46,52,67,0
133,74,62,72,36,1
134,82,84,71,65,1
135,93,61,63,79,1
136,69,65,87,34,1
137,71,50,61,74,1
138,76,45,71,80,1
139,46,49,76,67,0
140,98,56,64,70,1
141,84,46,63,47,1
142,50,54,58,54,0
143,74,73,77,57,1
144,66,79,67,49,1
145,93,85,66,76,1
146,92,62,30,51,1
147,67,68,71,67,1
148,46,62,71,57,0
149,46,57,55,53,0
150,58,67,54,64,1
151,68,76,83,63,1
152,97,68,78,79,1
153,82,81,71,49,1
154,70,41,75,60,0
155,82,65,50,86,1
156,99,87,62,43,1
157,95,95,69,58,1
158,68,78,85,73,1
159,45,76,41,90,0
160,85,91,81,56,1
161,54,47,73,73,0
162,96,72,92,55,1
163,74,51,76,61,1
164,98,98,82,63,1
165,73,70,83,53,1
166,46,56,50,61,0
167,76,75,92,48,1
168,89,93,83,54,1
169,78,75,66,62,1
170,93,60,72,84,1
171,90,52,72,76,1
172,89,77,71,89,1
173,68,53,69,41,1
174,66,76,57,76,1
175,64,67,73,66,1
176,79,76,89,58,1
177,57,68,80,55,1
178,78,38,36,41,0
179,98,78,81,69,1
180,79,72,71,68,1
181,48,46,56,82,0
182,76,87,69,66,1
183,63,54,68,65,1
184,100,79,46,72,1
185,70,53,68,60,1
186,96,68,60,63,1
187,60,81,81,41,1
188,59,53,67,48,0
189,73,64,85,47,1
190,48,70,45,45,0
191,93,76,80,63,1
192,56,59,56,59,0
193,71,53,73,61,1
194,90,81,65,96,1
195,49,53,33,66,0
196,87,56,73,57,1
197,52,48,58,85,0
198,49,52,86,70,0
199,83,71,51,64,1
200,89,79,65,81,1
201,62,53,65,66,0
202,72,70,65,44,1
203,46,89,82,70,1
204,46,50,83,60,0
205,62,49,54,71,0
206,73,82,75,59,1
207,82,51,79,82,1
208,71,66,56,83,1
209,99,81,84,46,1
210,70,69,73,46,1
211,74,77,73,84,1
212,100,89,30,64,1
213,87,81,58,83,1
214,84,76,70,45,1
215,93,82,74,76,1
216,89,80,67,67,1
217,85,65,63,76,1
218,80,83,60,71,1
219,98,86,64,89,1
220,76,85,78,60,1
221,90,69,96,78,1
222,80,69,74,73,1
223,83,47,67,74,1
224,95,67,79,57,1
225,95,52,70,65,1
226,82,81,51,55,1
227,100,84,86,58,1
228,79,83,45,89,1
229,100,82,92,58,1
230,94,70,61,74,1
231,75,63,43,48,1
232,97,86,67,61,1
233,47,85,88,57,1
234,99,80,56,75,1
235,74,76,68,92,1
236,49,41,30,68,0
237,66,59,56,75,1
238,88,78,79,55,1
239,65,50,45,44,0
240,84,73,87,75,1
241,63,87,65,56,1
242,85,74,67,59,1
243,55,56,35,87,0
244,63,73,56,75,1
245,60,51,61,65,0
246,50,57,52,51,0
247,88,74,100,77,1
248,61,77,45,68,1
249,96,64,74,62,1
250,67,66,78,62,1
251,72,64,53,46,1
252,99,100,62,69,1
253,81,64,78,64,1
254,98,72,66,58,1
255,81,85,50,98,1
256,92,69,40,68,1
257,63,68,55,66,1
258,57,58,49,46,0
259,91,75,49,71,1
260,85,76,62,56,1
261,73,80,70,87,1
262,65,87,66,54,1
263,53,70,36,49,0
264,62,77,70,52,1
265,97,100,59,59,1
266,96,97,98,93,1
267,54,65,54,51,0
268,70,52,91,58,1
269,68,78,74,63,1
270,68,74,56,44,1
271,82,58,82,50,1
272,75,82,96,69,1
273,80,63,85,52,1
274,74,56,77,57,1
275,71,71,70,100,1
276,52,74,87,79,1
277,53,56,72,83,1
278,79,65,48,77,1
279,54,78,50,72,1
280,62,52,78,65,1
281,73,61,71,37,1
282,68,94,30,52,1
283,67,77,70,99,1
284,97,69,52,74,1
285,86,51,41,79,1
286,53,68,66,51,1
287,98,75,62,74,1
288,66,91,70,37,1
289,83,95,69,71,1
290,61,71,67,55,1
291,100,77,72,71,1
292,65,59,77,64,1
293,53,64,46,61,0
294,94,60,59,83,1
295,73,40,66,89,1
296,100,81,66,58,1
297,86,76,68,51,1
298,88,74,87,81,1
299,73,73,70,60,1
300,62,64,52,49,0
